rPTRI,rLOF
rENT,rLOF
rTT,rLOF
lCMF,rLOF
lLOC,rLOF
lPARH,rLOF
lTP,rLOF
lIT,rLOF
lBSTS,rLOF
rPTRI,rPORB
rTP,rPORB
lRAC,rPORB
rPOPE,rFP
rPREC,rFP
rPC,rFP
rST,rFP
rCAC,rMOF
rPSTC,rMOF
lSF,rMOF
lSP,rMOF
lLING,rMOF
lFUS,rMOF
lTP,rMOF
lST,rMOF
lTT,rMOF
rLOF,rPTRI
rPORB,rPTRI
rRMF,rPTRI
rRAC,rPTRI
rCAC,rPTRI
rPC,rPTRI
rPSTC,rPTRI
rSMAR,rPTRI
rIP,rPTRI
rLING,rPTRI
rENT,rPTRI
rBSTS,rPTRI
rTT,rPTRI
lPORB,rPTRI
lFP,rPTRI
lMOF,rPTRI
lCMF,rPTRI
lPREC,rPTRI
lLOC,rPTRI
lPARH,rPTRI
lENT,rPTRI
lTP,rPTRI
rFP,rPOPE
rRMF,rPOPE
rRAC,rPOPE
rPC,rPOPE
lPTRI,rPOPE
lPREC,rPOPE
lTP,rPOPE
rPTRI,rRMF
rPOPE,rRMF
rSF,rRMF
rRAC,rRMF
rCAC,rRMF
rPC,rRMF
rISTC,rRMF
rSMAR,rRMF
rIP,rRMF
rLING,rRMF
rENT,rRMF
rMT,rRMF
rBSTS,rRMF
rTT,rRMF
lFP,rRMF
lMOF,rRMF
lSF,rRMF
lCMF,rRMF
lPREC,rRMF
lCAC,rRMF
lLOC,rRMF
lPARH,rRMF
lENT,rRMF
lTP,rRMF
lMT,rRMF
lBSTS,rRMF
rRMF,rSF
rPARC,rSF
rSMAR,rSF
rPCAL,rSF
rLING,rSF
rENT,rSF
rTP,rSF
lMOF,rSF
lCMF,rSF
lCUN,rSF
lLOC,rSF
lPARH,rSF
lBSTS,rSF
rPCUN,rCMF
rCUN,rCMF
rLOCC,rCMF
lISTC,rCMF
rFP,rPREC
rPSTC,rPREC
rMT,rPREC
lCAC,rPREC
lPSTC,rPREC
lPCUN,rPREC
lFUS,rPREC
lIT,rPREC
lBSTS,rPREC
lST,rPREC
lTT,rPREC
rSF,rPARC
rPCAL,rPARC
rTP,rPARC
lCUN,rPARC
rPTRI,rRAC
rPOPE,rRAC
rRMF,rRAC
rCAC,rRAC
rISTC,rRAC
rPSTC,rRAC
rSMAR,rRAC
rIP,rRAC
rLING,rRAC
rPARH,rRAC
rENT,rRAC
rBSTS,rRAC
rST,rRAC
rTT,rRAC
lPORB,rRAC
lFP,rRAC
lMOF,rRAC
lPTRI,rRAC
lCMF,rRAC
lPREC,rRAC
lRAC,rRAC
lPCUN,rRAC
lPCAL,rRAC
lLOC,rRAC
lFUS,rRAC
lPARH,rRAC
lENT,rRAC
lTP,rRAC
lMT,rRAC
lBSTS,rRAC
rMOF,rCAC
rPTRI,rCAC
rRMF,rCAC
rRAC,rCAC
rPC,rCAC
rISTC,rCAC
rSMAR,rCAC
rIP,rCAC
rLING,rCAC
rENT,rCAC
rBSTS,rCAC
rST,rCAC
rTT,rCAC
lFP,rCAC
lMOF,rCAC
LRMF,rCAC
lCMF,rCAC
lPREC,rCAC
lLOC,rCAC
lPARH,rCAC
lENT,rCAC
lTP,rCAC
rFP,rPC
rPTRI,rPC
rPOPE,rPC
rRMF,rPC
rCAC,rPC
rSMAR,rPC
rIP,rPC
rLING,rPC
rENT,rPC
rST,rPC
rTT,rPC
lFP,rPC
lPTRI,rPC
lCMF,rPC
lPCAL,rPC
lLOC,rPC
lFUS,rPC
lPARH,rPC
lENT,rPC
lTP,rPC
lBSTS,rPC
rRMF,rISTC
rRAC,rISTC
rCAC,rISTC
rPSTC,rISTC
rSMAR,rISTC
rIP,rISTC
rLING,rISTC
rENT,rISTC
rTT,rISTC
lFP,rISTC
lMOF,rISTC
lPTRI,rISTC
lCMF,rISTC
lPCUN,rISTC
lLOC,rISTC
lFUS,rISTC
lPARH,rISTC
lENT,rISTC
lTP,rISTC
lIT,rISTC
rMOF,rPSTC
rPTRI,rPSTC
rPREC,rPSTC
rRAC,rPSTC
rISTC,rPSTC
rSMAR,rPSTC
rLING,rPSTC
rENT,rPSTC
lPORB,rPSTC
lMOF,rPSTC
lSF,rPSTC
lCMF,rPSTC
lPREC,rPSTC
lSMAR,rPSTC
lPCUN,rPSTC
lLOC,rPSTC
lFUS,rPSTC
lPARH,rPSTC
lENT,rPSTC
lTP,rPSTC
lIT,rPSTC
rPTRI,rSMAR
rRMF,rSMAR
rSF,rSMAR
rRAC,rSMAR
rCAC,rSMAR
rPC,rSMAR
rISTC,rSMAR
rPSTC,rSMAR
rIP,rSMAR
rLING,rSMAR
rENT,rSMAR
rBSTS,rSMAR
rTT,rSMAR
lPORB,rSMAR
lFP,rSMAR
lMOF,rSMAR
lPTRI,rSMAR
lCMF,rSMAR
lPREC,rSMAR
lPCAL,rSMAR
lLOC,rSMAR
lFUS,rSMAR
lPARH,rSMAR
lENT,rSMAR
lTP,rSMAR
lMT,rSMAR
lBSTS,rSMAR
lST,rSMAR
lPC,rSP
rPTRI,rIP
rRMF,rIP
rRAC,rIP
rCAC,rIP
rPC,rIP
rISTC,rIP
rSMAR,rIP
rLING,rIP
rPARH,rIP
rENT,rIP
rBSTS,rIP
rST,rIP
rTT,rIP
lFP,rIP
lMOF,rIP
lPTRI,rIP
lCMF,rIP
lLOC,rIP
lPARH,rIP
lENT,rIP
lTP,rIP
rCMF,rPCUN
rCUN,rPCUN
lLOF,rPCUN
LRMF,rPCUN
lPARC,rPCUN
lPCUN,rPCUN
rCMF,rCUN
rPCUN,rCUN
rIT,rCUN
rSF,rPCAL
rPARC,rPCAL
rTP,rPCAL
rCMF,rLOCC
rPTRI,rLING
rRMF,rLING
rSF,rLING
rRAC,rLING
rCAC,rLING
rPC,rLING
rISTC,rLING
rPSTC,rLING
rSMAR,rLING
rIP,rLING
rENT,rLING
rBSTS,rLING
rTT,rLING
lPORB,rLING
lFP,rLING
lMOF,rLING
lPTRI,rLING
lCMF,rLING
lPREC,rLING
lPCAL,rLING
lLOC,rLING
lFUS,rLING
lPARH,rLING
lENT,rLING
lTP,rLING
lMT,rLING
lBSTS,rLING
LRMF,rFUS
rRAC,rPARH
rIP,rPARH
lSF,rPARH
lPREC,rPARH
lBSTS,rPARH
rLOF,rENT
rPTRI,rENT
rRMF,rENT
rSF,rENT
rRAC,rENT
rCAC,rENT
rPC,rENT
rISTC,rENT
rPSTC,rENT
rSMAR,rENT
rIP,rENT
rLING,rENT
rBSTS,rENT
rTT,rENT
lPORB,rENT
lFP,rENT
lMOF,rENT
lPTRI,rENT
lCMF,rENT
lPREC,rENT
lPCAL,rENT
lLOC,rENT
lPARH,rENT
lENT,rENT
lTP,rENT
lMT,rENT
lBSTS,rENT
rPORB,rTP
rSF,rTP
rPARC,rTP
rPCAL,rTP
lPORB,rTP
lRAC,rTP
lCUN,rTP
rCUN,rIT
lPC,rIT
rRMF,rMT
rPREC,rMT
lISTC,rMT
lPSTC,rMT
lSMAR,rMT
lFUS,rMT
lPARH,rMT
lIT,rMT
lMT,rMT
lST,rMT
rPTRI,rBSTS
rRMF,rBSTS
rRAC,rBSTS
rCAC,rBSTS
rSMAR,rBSTS
rIP,rBSTS
rLING,rBSTS
rENT,rBSTS
rTT,rBSTS
lPORB,rBSTS
lFP,rBSTS
lMOF,rBSTS
lPTRI,rBSTS
lCMF,rBSTS
lPREC,rBSTS
lPCAL,rBSTS
lLOC,rBSTS
lPARH,rBSTS
lENT,rBSTS
lTP,rBSTS
lST,rBSTS
rFP,rST
rRAC,rST
rCAC,rST
rPC,rST
rIP,rST
lFP,rST
lPTRI,rST
LRMF,rST
lSF,rST
lPARH,rST
rLOF,rTT
rPTRI,rTT
rRMF,rTT
rRAC,rTT
rCAC,rTT
rPC,rTT
rISTC,rTT
rSMAR,rTT
rIP,rTT
rLING,rTT
rENT,rTT
rBSTS,rTT
lPORB,rTT
lFP,rTT
lMOF,rTT
lPTRI,rTT
lCMF,rTT
lPREC,rTT
lLOC,rTT
lPARH,rTT
lENT,rTT
lTP,rTT
lMT,rTT
lBSTS,rTT
rPCUN,lLOF
lIT,lLOF
rPTRI,lPORB
rRAC,lPORB
rPSTC,lPORB
rSMAR,lPORB
rLING,lPORB
rENT,lPORB
rTP,lPORB
rBSTS,lPORB
rTT,lPORB
lFP,lPORB
lMOF,lPORB
lCMF,lPORB
lLOC,lPORB
lPARH,lPORB
lENT,lPORB
lTP,lPORB
lIT,lPORB
rPTRI,lFP
rRMF,lFP
rRAC,lFP
rCAC,lFP
rPC,lFP
rISTC,lFP
rSMAR,lFP
rIP,lFP
rLING,lFP
rENT,lFP
rBSTS,lFP
rST,lFP
rTT,lFP
lPORB,lFP
lMOF,lFP
lPTRI,lFP
lCMF,lFP
lIP,lFP
lPCAL,lFP
lLOC,lFP
lPARH,lFP
lENT,lFP
lTP,lFP
lMT,lFP
lBSTS,lFP
rPTRI,lMOF
rRMF,lMOF
rSF,lMOF
rRAC,lMOF
rCAC,lMOF
rISTC,lMOF
rPSTC,lMOF
rSMAR,lMOF
rIP,lMOF
rLING,lMOF
rENT,lMOF
rBSTS,lMOF
rTT,lMOF
lPORB,lMOF
lFP,lMOF
lPTRI,lMOF
lCMF,lMOF
lPREC,lMOF
lLOC,lMOF
lFUS,lMOF
lPARH,lMOF
lENT,lMOF
lTP,lMOF
lMT,lMOF
lBSTS,lMOF
rPOPE,lPTRI
rRAC,lPTRI
rPC,lPTRI
rISTC,lPTRI
rSMAR,lPTRI
rIP,lPTRI
rLING,lPTRI
rENT,lPTRI
rBSTS,lPTRI
rST,lPTRI
rTT,lPTRI
lFP,lPTRI
lMOF,lPTRI
lCMF,lPTRI
lPREC,lPTRI
lLOC,lPTRI
lPARH,lPTRI
lENT,lPTRI
lSP,lPOPE
lCUN,lPOPE
lLING,lPOPE
rCAC,LRMF
rPCUN,LRMF
rFUS,LRMF
rST,LRMF
lPARH,LRMF
rMOF,lSF
rRMF,lSF
rPSTC,lSF
rPARH,lSF
rST,lSF
lISTC,lSF
lPCUN,lSF
lTP,lSF
lMT,lSF
lBSTS,lSF
rLOF,lCMF
rPTRI,lCMF
rRMF,lCMF
rSF,lCMF
rRAC,lCMF
rCAC,lCMF
rPC,lCMF
rISTC,lCMF
rPSTC,lCMF
rSMAR,lCMF
rIP,lCMF
rLING,lCMF
rENT,lCMF
rBSTS,lCMF
rTT,lCMF
lPORB,lCMF
lFP,lCMF
lMOF,lCMF
lPTRI,lCMF
lPREC,lCMF
lPCAL,lCMF
lLOC,lCMF
lFUS,lCMF
lPARH,lCMF
lENT,lCMF
lTP,lCMF
lMT,lCMF
lBSTS,lCMF
rPTRI,lPREC
rPOPE,lPREC
rRMF,lPREC
rRAC,lPREC
rCAC,lPREC
rPSTC,lPREC
rSMAR,lPREC
rLING,lPREC
rPARH,lPREC
rENT,lPREC
rBSTS,lPREC
rTT,lPREC
lMOF,lPREC
lPTRI,lPREC
lCMF,lPREC
lLOC,lPREC
lFUS,lPREC
lENT,lPREC
rPCUN,lPARC
rPORB,lRAC
rRAC,lRAC
rTP,lRAC
lCUN,lRAC
lFUS,lRAC
lPARH,lRAC
rRMF,lCAC
rPREC,lCAC
lPSTC,lCAC
lSMAR,lCAC
lPCUN,lCAC
lLING,lCAC
lTP,lCAC
lST,lCAC
rSP,lPC
rIT,lPC
lPCAL,lPC
rCMF,lISTC
rMT,lISTC
lSF,lISTC
lIP,lISTC
lCUN,lISTC
lBSTS,lISTC
rPREC,lPSTC
rMT,lPSTC
lCAC,lPSTC
lBSTS,lPSTC
rPSTC,lSMAR
rMT,lSMAR
lCAC,lSMAR
lIT,lSMAR
lST,lSMAR
rMOF,lSP
lPOPE,lSP
lLING,lSP
lBSTS,lSP
lTT,lSP
lFP,lIP
lISTC,lIP
lCUN,lIP
lPARH,lIP
rPREC,lPCUN
rRAC,lPCUN
rISTC,lPCUN
rPSTC,lPCUN
rPCUN,lPCUN
lSF,lPCUN
lCAC,lPCUN
lFUS,lPCUN
lTP,lPCUN
lMT,lPCUN
rSF,lCUN
rPARC,lCUN
rTP,lCUN
lPOPE,lCUN
lRAC,lCUN
lISTC,lCUN
lIP,lCUN
rRAC,lPCAL
rPC,lPCAL
rSMAR,lPCAL
rLING,lPCAL
rENT,lPCAL
rBSTS,lPCAL
lFP,lPCAL
lCMF,lPCAL
lPC,lPCAL
lLOC,lPCAL
lFUS,lPCAL
lPARH,lPCAL
lENT,lPCAL
lTP,lPCAL
lST,lPCAL
rLOF,lLOC
rPTRI,lLOC
rRMF,lLOC
rSF,lLOC
rRAC,lLOC
rCAC,lLOC
rPC,lLOC
rISTC,lLOC
rPSTC,lLOC
rSMAR,lLOC
rIP,lLOC
rLING,lLOC
rENT,lLOC
rBSTS,lLOC
rTT,lLOC
lPORB,lLOC
lFP,lLOC
lMOF,lLOC
lPTRI,lLOC
lCMF,lLOC
lPREC,lLOC
lPCAL,lLOC
lFUS,lLOC
lPARH,lLOC
lENT,lLOC
lTP,lLOC
lMT,lLOC
lBSTS,lLOC
lST,lLOC
rMOF,lLING
lPOPE,lLING
lCAC,lLING
lSP,lLING
rMOF,lFUS
rPREC,lFUS
rRAC,lFUS
rPC,lFUS
rISTC,lFUS
rPSTC,lFUS
rSMAR,lFUS
rLING,lFUS
rMT,lFUS
lMOF,lFUS
lCMF,lFUS
lPREC,lFUS
lRAC,lFUS
lPCUN,lFUS
lPCAL,lFUS
lLOC,lFUS
lPARH,lFUS
lENT,lFUS
lTP,lFUS
lIT,lFUS
lMT,lFUS
rLOF,lPARH
rPTRI,lPARH
rRMF,lPARH
rSF,lPARH
rRAC,lPARH
rCAC,lPARH
rPC,lPARH
rISTC,lPARH
rPSTC,lPARH
rSMAR,lPARH
rIP,lPARH
rLING,lPARH
rENT,lPARH
rMT,lPARH
rBSTS,lPARH
rST,lPARH
rTT,lPARH
lPORB,lPARH
lFP,lPARH
lMOF,lPARH
lPTRI,lPARH
LRMF,lPARH
lCMF,lPARH
lRAC,lPARH
lIP,lPARH
lPCAL,lPARH
lLOC,lPARH
lFUS,lPARH
lENT,lPARH
lTP,lPARH
lMT,lPARH
lBSTS,lPARH
rPTRI,lENT
rRMF,lENT
rRAC,lENT
rCAC,lENT
rPC,lENT
rISTC,lENT
rPSTC,lENT
rSMAR,lENT
rIP,lENT
rLING,lENT
rENT,lENT
rBSTS,lENT
rTT,lENT
lPORB,lENT
lFP,lENT
lMOF,lENT
lPTRI,lENT
lCMF,lENT
lPREC,lENT
lPCAL,lENT
lLOC,lENT
lFUS,lENT
lPARH,lENT
lTP,lENT
lMT,lENT
rLOF,lTP
rMOF,lTP
rPTRI,lTP
rPOPE,lTP
rRMF,lTP
rRAC,lTP
rCAC,lTP
rPC,lTP
rISTC,lTP
rPSTC,lTP
rSMAR,lTP
rIP,lTP
rLING,lTP
rENT,lTP
rBSTS,lTP
rTT,lTP
lPORB,lTP
lFP,lTP
lMOF,lTP
lSF,lTP
lCMF,lTP
lCAC,lTP
lPCUN,lTP
lPCAL,lTP
lLOC,lTP
lFUS,lTP
lPARH,lTP
lENT,lTP
lMT,lTP
lBSTS,lTP
lST,lTP
rLOF,lIT
rPREC,lIT
rISTC,lIT
rPSTC,lIT
rMT,lIT
lLOF,lIT
lPORB,lIT
lSMAR,lIT
lFUS,lIT
lBSTS,lIT
rRMF,lMT
rRAC,lMT
rSMAR,lMT
rLING,lMT
rENT,lMT
rMT,lMT
rTT,lMT
lFP,lMT
lMOF,lMT
lSF,lMT
lCMF,lMT
lPCUN,lMT
lLOC,lMT
lFUS,lMT
lPARH,lMT
lENT,lMT
lTP,lMT
lBSTS,lMT
lTT,lMT
rLOF,lBSTS
rRMF,lBSTS
rSF,lBSTS
rPREC,lBSTS
rRAC,lBSTS
rPC,lBSTS
rSMAR,lBSTS
rLING,lBSTS
rPARH,lBSTS
rENT,lBSTS
rTT,lBSTS
lFP,lBSTS
lMOF,lBSTS
lSF,lBSTS
lCMF,lBSTS
lISTC,lBSTS
lPSTC,lBSTS
lSP,lBSTS
lLOC,lBSTS
lPARH,lBSTS
lTP,lBSTS
lIT,lBSTS
lMT,lBSTS
rMOF,lST
rPREC,lST
rSMAR,lST
rMT,lST
rBSTS,lST
lCAC,lST
lSMAR,lST
lPCAL,lST
lLOC,lST
lTP,lST
lTT,lST
rMOF,lTT
rPREC,lTT
lSP,lTT
lMT,lTT
lST,lTT
